File Name,Real Path,File Size (bytes),Creation Date,SHA-256
"/data/project/wdump/links/2019//aawiki-latest-pages-articles-multistream.xml.bz2","",128,"2019-11-30 23:22:35.548797864 +0000",
"/data/project/wdump/links/2019//abwiki-latest-pages-articles-multistream.xml.bz2","",128,"2019-11-30 23:22:34.932798186 +0000",
"/data/project/wdump/links/2019//acewiki-latest-pages-articles-multistream.xml.bz2","",130,"2019-11-30 23:22:34.856798226 +0000",
"/data/project/wdump/links/2019//adywiki-latest-pages-articles-multistream.xml.bz2","",130,"2019-11-30 23:22:35.464797908 +0000",
"/data/project/wdump/links/2019//afwiki-latest-pages-articles-multistream.xml.bz2","",128,"2019-11-30 23:22:34.596798361 +0000",
"/data/project/wdump/links/2019//akwiki-latest-pages-articles-multistream.xml.bz2","",128,"2019-11-30 23:22:35.388797948 +0000",
"/data/project/wdump/links/2019//alswiki-latest-pages-articles-multistream.xml.bz2","",130,"2019-11-30 23:22:34.716798299 +0000",
"/data/project/wdump/links/2019//amwiki-latest-pages-articles-multistream.xml.bz2","",128,"2019-11-30 23:22:34.760798276 +0000",
"/data/project/wdump/links/2019//angwiki-latest-pages-articles-multistream.xml.bz2","",130,"2019-11-30 23:22:35.120798088 +0000",
"/data/project/wdump/links/2019//anwiki-latest-pages-articles-multistream.xml.bz2","",128,"2019-11-30 23:22:34.692798312 +0000",
"/data/project/wdump/links/2019//arcwiki-latest-pages-articles-multistream.xml.bz2","",130,"2019-11-30 23:22:35.244798023 +0000",
"/data/project/wdump/links/2019//arwiki-latest-pages-articles-multistream.xml.bz2","",128,"2019-11-30 23:22:34.428798450 +0000",
"/data/project/wdump/links/2019//arzwiki-latest-pages-articles-multistream.xml.bz2","",130,"2019-11-30 23:22:34.740798287 +0000",
"/data/project/wdump/links/2019//astwiki-latest-pages-articles-multistream.xml.bz2","",130,"2019-11-30 23:22:34.576798372 +0000",
"/data/project/wdump/links/2019//aswiki-latest-pages-articles-multistream.xml.bz2","",128,"2019-11-30 23:22:34.936798184 +0000",
"/data/project/wdump/links/2019//atjwiki-latest-pages-articles-multistream.xml.bz2","",130,"2019-11-30 23:22:35.360797963 +0000",
"/data/project/wdump/links/2019//avwiki-latest-pages-articles-multistream.xml.bz2","",128,"2019-11-30 23:22:35.176798059 +0000",
"/data/project/wdump/links/2019//aywiki-latest-pages-articles-multistream.xml.bz2","",128,"2019-11-30 23:22:35.000798151 +0000",
"/data/project/wdump/links/2019//azbwiki-latest-pages-articles-multistream.xml.bz2","",130,"2019-11-30 23:22:34.532798395 +0000",
"/data/project/wdump/links/2019//azwiki-latest-pages-articles-multistream.xml.bz2","",128,"2019-11-30 23:22:34.536798393 +0000",
"/data/project/wdump/links/2019//barwiki-latest-pages-articles-multistream.xml.bz2","",130,"2019-11-30 23:22:34.704798306 +0000",
"/data/project/wdump/links/2019//bat_smgwiki-latest-pages-articles-multistream.xml.bz2","",138,"2019-11-30 23:22:34.744798284 +0000",
"/data/project/wdump/links/2019//bawiki-latest-pages-articles-multistream.xml.bz2","",128,"2019-11-30 23:22:34.672798322 +0000",
"/data/project/wdump/links/2019//bclwiki-latest-pages-articles-multistream.xml.bz2","",130,"2019-11-30 23:22:34.860798223 +0000",
"/data/project/wdump/links/2019//be_x_oldwiki-latest-pages-articles-multistream.xml.bz2","",140,"2019-11-30 23:22:34.624798347 +0000",
"/data/project/wdump/links/2019//bewiki-latest-pages-articles-multistream.xml.bz2","",128,"2019-11-30 23:22:34.520798401 +0000",
"/data/project/wdump/links/2019//bgwiki-latest-pages-articles-multistream.xml.bz2","",128,"2019-11-30 23:22:34.484798420 +0000",
"/data/project/wdump/links/2019//bhwiki-latest-pages-articles-multistream.xml.bz2","",128,"2019-11-30 23:22:34.904798200 +0000",
"/data/project/wdump/links/2019//biwiki-latest-pages-articles-multistream.xml.bz2","",128,"2019-11-30 23:22:35.324797982 +0000",
"/data/project/wdump/links/2019//bjnwiki-latest-pages-articles-multistream.xml.bz2","",130,"2019-11-30 23:22:35.156798069 +0000",
"/data/project/wdump/links/2019//bmwiki-latest-pages-articles-multistream.xml.bz2","",128,"2019-11-30 23:22:35.408797937 +0000",
"/data/project/wdump/links/2019//bnwiki-latest-pages-articles-multistream.xml.bz2","",128,"2019-11-30 23:22:34.616798352 +0000",
"/data/project/wdump/links/2019//bowiki-latest-pages-articles-multistream.xml.bz2","",128,"2019-11-30 23:22:34.940798182 +0000",
"/data/project/wdump/links/2019//bpywiki-latest-pages-articles-multistream.xml.bz2","",130,"2019-11-30 23:22:34.724798295 +0000",
"/data/project/wdump/links/2019//brwiki-latest-pages-articles-multistream.xml.bz2","",128,"2019-11-30 23:22:34.628798345 +0000",
"/data/project/wdump/links/2019//bswiki-latest-pages-articles-multistream.xml.bz2","",128,"2019-11-30 23:22:34.600798360 +0000",
"/data/project/wdump/links/2019//bugwiki-latest-pages-articles-multistream.xml.bz2","",130,"2019-11-30 23:22:34.772798269 +0000",
"/data/project/wdump/links/2019//bxrwiki-latest-pages-articles-multistream.xml.bz2","",130,"2019-11-30 23:22:35.180798057 +0000",
"/data/project/wdump/links/2019//cawiki-latest-pages-articles-multistream.xml.bz2","",128,"2019-11-30 23:22:34.444798441 +0000",
"/data/project/wdump/links/2019//cbk_zamwiki-latest-pages-articles-multistream.xml.bz2","",138,"2019-11-30 23:22:35.140798077 +0000",
"/data/project/wdump/links/2019//cdowiki-latest-pages-articles-multistream.xml.bz2","",130,"2019-11-30 23:22:34.768798272 +0000",
"/data/project/wdump/links/2019//cebwiki-latest-pages-articles-multistream.xml.bz2","",130,"2019-11-30 23:22:34.384798473 +0000",
"/data/project/wdump/links/2019//cewiki-latest-pages-articles-multistream.xml.bz2","",128,"2019-11-30 23:22:34.496798414 +0000",
"/data/project/wdump/links/2019//chowiki-latest-pages-articles-multistream.xml.bz2","",130,"2019-11-30 23:22:35.520797879 +0000",
"/data/project/wdump/links/2019//chrwiki-latest-pages-articles-multistream.xml.bz2","",130,"2019-11-30 23:22:35.364797960 +0000",
"/data/project/wdump/links/2019//chwiki-latest-pages-articles-multistream.xml.bz2","",128,"2019-11-30 23:22:35.440797920 +0000",
"/data/project/wdump/links/2019//chywiki-latest-pages-articles-multistream.xml.bz2","",130,"2019-11-30 23:22:35.416797933 +0000",
"/data/project/wdump/links/2019//ckbwiki-latest-pages-articles-multistream.xml.bz2","",130,"2019-11-30 23:22:34.728798292 +0000",
"/data/project/wdump/links/2019//cowiki-latest-pages-articles-multistream.xml.bz2","",128,"2019-11-30 23:22:34.948798177 +0000",
"/data/project/wdump/links/2019//crhwiki-latest-pages-articles-multistream.xml.bz2","",130,"2019-11-30 23:22:34.912798197 +0000",
"/data/project/wdump/links/2019//crwiki-latest-pages-articles-multistream.xml.bz2","",128,"2019-11-30 23:22:35.512797883 +0000",
"/data/project/wdump/links/2019//csbwiki-latest-pages-articles-multistream.xml.bz2","",130,"2019-11-30 23:22:34.972798165 +0000",
"/data/project/wdump/links/2019//cswiki-latest-pages-articles-multistream.xml.bz2","",128,"2019-11-30 23:22:34.464798431 +0000",
"/data/project/wdump/links/2019//cuwiki-latest-pages-articles-multistream.xml.bz2","",128,"2019-11-30 23:22:35.392797945 +0000",
"/data/project/wdump/links/2019//cvwiki-latest-pages-articles-multistream.xml.bz2","",128,"2019-11-30 23:22:34.688798314 +0000",
"/data/project/wdump/links/2019//cywiki-latest-pages-articles-multistream.xml.bz2","",128,"2019-11-30 23:22:34.572798374 +0000",
"/data/project/wdump/links/2019//dawiki-latest-pages-articles-multistream.xml.bz2","",128,"2019-11-30 23:22:34.488798418 +0000",
"/data/project/wdump/links/2019//dewiki-latest-pages-articles-multistream.xml.bz2","",128,"2019-11-30 23:22:34.388798470 +0000",
"/data/project/wdump/links/2019//dinwiki-latest-pages-articles-multistream.xml.bz2","",130,"2019-11-30 23:22:35.508797885 +0000",
"/data/project/wdump/links/2019//diqwiki-latest-pages-articles-multistream.xml.bz2","",130,"2019-11-30 23:22:34.828798241 +0000",
"/data/project/wdump/links/2019//dsbwiki-latest-pages-articles-multistream.xml.bz2","",130,"2019-11-30 23:22:35.112798092 +0000",
"/data/project/wdump/links/2019//dtywiki-latest-pages-articles-multistream.xml.bz2","",130,"2019-11-30 23:22:35.132798082 +0000",
"/data/project/wdump/links/2019//dvwiki-latest-pages-articles-multistream.xml.bz2","",128,"2019-11-30 23:22:35.148798074 +0000",
"/data/project/wdump/links/2019//dzwiki-latest-pages-articles-multistream.xml.bz2","",128,"2019-11-30 23:22:35.496797891 +0000",
"/data/project/wdump/links/2019//eewiki-latest-pages-articles-multistream.xml.bz2","",128,"2019-11-30 23:22:35.472797904 +0000",
"/data/project/wdump/links/2019//elwiki-latest-pages-articles-multistream.xml.bz2","",128,"2019-11-30 23:22:34.524798400 +0000",
"/data/project/wdump/links/2019//emlwiki-latest-pages-articles-multistream.xml.bz2","",130,"2019-11-30 23:22:34.820798245 +0000",
"/data/project/wdump/links/2019//enwiki-latest-pages-articles-multistream.xml.bz2","",128,"2019-12-02 22:43:55.603266199 +0000",
"/data/project/wdump/links/2019//eowiki-latest-pages-articles-multistream.xml.bz2","",128,"2019-11-30 23:22:34.480798423 +0000",
"/data/project/wdump/links/2019//eswiki-latest-pages-articles-multistream.xml.bz2","",128,"2019-11-30 23:22:34.408798460 +0000",
"/data/project/wdump/links/2019//etwiki-latest-pages-articles-multistream.xml.bz2","",128,"2019-11-30 23:22:34.512798406 +0000",
"/data/project/wdump/links/2019//euwiki-latest-pages-articles-multistream.xml.bz2","",128,"2019-11-30 23:22:34.472798427 +0000",
"/data/project/wdump/links/2019//extwiki-latest-pages-articles-multistream.xml.bz2","",130,"2019-11-30 23:22:35.116798090 +0000",
"/data/project/wdump/links/2019//fawiki-latest-pages-articles-multistream.xml.bz2","",128,"2019-11-30 23:22:34.436798446 +0000",
"/data/project/wdump/links/2019//ffwiki-latest-pages-articles-multistream.xml.bz2","",128,"2019-11-30 23:22:35.492797894 +0000",
"/data/project/wdump/links/2019//fiu_vrowiki-latest-pages-articles-multistream.xml.bz2","",138,"2019-11-30 23:22:34.956798174 +0000",
"/data/project/wdump/links/2019//fiwiki-latest-pages-articles-multistream.xml.bz2","",128,"2019-11-30 23:22:34.452798437 +0000",
"/data/project/wdump/links/2019//fjwiki-latest-pages-articles-multistream.xml.bz2","",128,"2019-11-30 23:22:35.448797917 +0000",
"/data/project/wdump/links/2019//fowiki-latest-pages-articles-multistream.xml.bz2","",128,"2019-11-30 23:22:34.796798257 +0000",
"/data/project/wdump/links/2019//frpwiki-latest-pages-articles-multistream.xml.bz2","",130,"2019-11-30 23:22:35.104798097 +0000",
"/data/project/wdump/links/2019//frrwiki-latest-pages-articles-multistream.xml.bz2","",130,"2019-11-30 23:22:34.864798222 +0000",
"/data/project/wdump/links/2019//frwiki-latest-pages-articles-multistream.xml.bz2","",128,"2019-11-30 23:22:34.392798469 +0000",
"/data/project/wdump/links/2019//furwiki-latest-pages-articles-multistream.xml.bz2","",130,"2019-11-30 23:22:35.108798094 +0000",
"/data/project/wdump/links/2019//fywiki-latest-pages-articles-multistream.xml.bz2","",128,"2019-11-30 23:22:34.688798314 +0000",
"/data/project/wdump/links/2019//gagwiki-latest-pages-articles-multistream.xml.bz2","",130,"2019-11-30 23:22:35.156798069 +0000",
"/data/project/wdump/links/2019//ganwiki-latest-pages-articles-multistream.xml.bz2","",130,"2019-11-30 23:22:34.916798195 +0000",
"/data/project/wdump/links/2019//gawiki-latest-pages-articles-multistream.xml.bz2","",128,"2019-11-30 23:22:34.668798324 +0000",
"/data/project/wdump/links/2019//gdwiki-latest-pages-articles-multistream.xml.bz2","",128,"2019-11-30 23:22:34.760798276 +0000",
"/data/project/wdump/links/2019//glkwiki-latest-pages-articles-multistream.xml.bz2","",130,"2019-11-30 23:22:34.944798180 +0000",
"/data/project/wdump/links/2019//glwiki-latest-pages-articles-multistream.xml.bz2","",128,"2019-11-30 23:22:34.528798397 +0000",
"/data/project/wdump/links/2019//gnwiki-latest-pages-articles-multistream.xml.bz2","",128,"2019-11-30 23:22:35.068798115 +0000",
"/data/project/wdump/links/2019//gomwiki-latest-pages-articles-multistream.xml.bz2","",130,"2019-11-30 23:22:35.060798119 +0000",
"/data/project/wdump/links/2019//gorwiki-latest-pages-articles-multistream.xml.bz2","",130,"2019-11-30 23:22:35.184798054 +0000",
"/data/project/wdump/links/2019//gotwiki-latest-pages-articles-multistream.xml.bz2","",130,"2019-11-30 23:22:35.424797929 +0000",
"/data/project/wdump/links/2019//guwiki-latest-pages-articles-multistream.xml.bz2","",128,"2019-11-30 23:22:34.708798303 +0000",
"/data/project/wdump/links/2019//gvwiki-latest-pages-articles-multistream.xml.bz2","",128,"2019-11-30 23:22:34.980798161 +0000",
"/data/project/wdump/links/2019//hakwiki-latest-pages-articles-multistream.xml.bz2","",130,"2019-11-30 23:22:34.868798220 +0000",
"/data/project/wdump/links/2019//hawiki-latest-pages-articles-multistream.xml.bz2","",128,"2019-11-30 23:22:35.044798128 +0000",
"/data/project/wdump/links/2019//hawwiki-latest-pages-articles-multistream.xml.bz2","",130,"2019-11-30 23:22:35.056798122 +0000",
"/data/project/wdump/links/2019//hewiki-latest-pages-articles-multistream.xml.bz2","",128,"2019-11-30 23:22:34.492798416 +0000",
"/data/project/wdump/links/2019//hifwiki-latest-pages-articles-multistream.xml.bz2","",130,"2019-11-30 23:22:34.848798230 +0000",
"/data/project/wdump/links/2019//hiwiki-latest-pages-articles-multistream.xml.bz2","",128,"2019-11-30 23:22:34.548798386 +0000",
"/data/project/wdump/links/2019//howiki-latest-pages-articles-multistream.xml.bz2","",128,"2019-11-30 23:22:35.536797871 +0000",
"/data/project/wdump/links/2019//hrwiki-latest-pages-articles-multistream.xml.bz2","",128,"2019-11-30 23:22:34.512798406 +0000",
"/data/project/wdump/links/2019//hsbwiki-latest-pages-articles-multistream.xml.bz2","",130,"2019-11-30 23:22:34.780798266 +0000",
"/data/project/wdump/links/2019//htwiki-latest-pages-articles-multistream.xml.bz2","",128,"2019-11-30 23:22:34.644798337 +0000",
"/data/project/wdump/links/2019//huwiki-latest-pages-articles-multistream.xml.bz2","",128,"2019-11-30 23:22:34.460798432 +0000",
"/data/project/wdump/links/2019//hywiki-latest-pages-articles-multistream.xml.bz2","",128,"2019-11-30 23:22:34.484798420 +0000",
"/data/project/wdump/links/2019//hywwiki-latest-pages-articles-multistream.xml.bz2","",130,"2019-11-30 23:22:34.888798209 +0000",
"/data/project/wdump/links/2019//hzwiki-latest-pages-articles-multistream.xml.bz2","",128,"2019-11-30 23:22:35.556797860 +0000",
"/data/project/wdump/links/2019//iawiki-latest-pages-articles-multistream.xml.bz2","",128,"2019-11-30 23:22:34.732798291 +0000",
"/data/project/wdump/links/2019//idwiki-latest-pages-articles-multistream.xml.bz2","",128,"2019-11-30 23:22:34.448798439 +0000",
"/data/project/wdump/links/2019//iewiki-latest-pages-articles-multistream.xml.bz2","",128,"2019-11-30 23:22:35.000798151 +0000",
"/data/project/wdump/links/2019//igwiki-latest-pages-articles-multistream.xml.bz2","",128,"2019-11-30 23:22:35.284798002 +0000",
"/data/project/wdump/links/2019//iiwiki-latest-pages-articles-multistream.xml.bz2","",128,"2019-11-30 23:22:35.540797868 +0000",
"/data/project/wdump/links/2019//ikwiki-latest-pages-articles-multistream.xml.bz2","",128,"2019-11-30 23:22:35.484797897 +0000",
"/data/project/wdump/links/2019//ilowiki-latest-pages-articles-multistream.xml.bz2","",130,"2019-11-30 23:22:34.792798260 +0000",
"/data/project/wdump/links/2019//inhwiki-latest-pages-articles-multistream.xml.bz2","",130,"2019-11-30 23:22:35.348797968 +0000",
"/data/project/wdump/links/2019//iowiki-latest-pages-articles-multistream.xml.bz2","",128,"2019-11-30 23:22:34.708798303 +0000",
"/data/project/wdump/links/2019//iswiki-latest-pages-articles-multistream.xml.bz2","",128,"2019-11-30 23:22:34.676798320 +0000",
"/data/project/wdump/links/2019//itwiki-latest-pages-articles-multistream.xml.bz2","",128,"2019-11-30 23:22:34.400798464 +0000",
"/data/project/wdump/links/2019//iuwiki-latest-pages-articles-multistream.xml.bz2","",128,"2019-11-30 23:22:35.460797910 +0000",
"/data/project/wdump/links/2019//jamwiki-latest-pages-articles-multistream.xml.bz2","",130,"2019-11-30 23:22:35.252798019 +0000",
"/data/project/wdump/links/2019//jawiki-latest-pages-articles-multistream.xml.bz2","",128,"2019-11-30 23:22:34.420798454 +0000",
"/data/project/wdump/links/2019//jbowiki-latest-pages-articles-multistream.xml.bz2","",130,"2019-11-30 23:22:35.312797988 +0000",
"/data/project/wdump/links/2019//jvwiki-latest-pages-articles-multistream.xml.bz2","",128,"2019-11-30 23:22:34.648798335 +0000",
"/data/project/wdump/links/2019//kaawiki-latest-pages-articles-multistream.xml.bz2","",130,"2019-11-30 23:22:35.208798042 +0000",
"/data/project/wdump/links/2019//kabwiki-latest-pages-articles-multistream.xml.bz2","",130,"2019-11-30 23:22:35.016798142 +0000",
"/data/project/wdump/links/2019//kawiki-latest-pages-articles-multistream.xml.bz2","",128,"2019-11-30 23:22:34.552798385 +0000",
"/data/project/wdump/links/2019//kbdwiki-latest-pages-articles-multistream.xml.bz2","",130,"2019-11-30 23:22:35.260798014 +0000",
"/data/project/wdump/links/2019//kbpwiki-latest-pages-articles-multistream.xml.bz2","",130,"2019-11-30 23:22:35.256798017 +0000",
"/data/project/wdump/links/2019//kgwiki-latest-pages-articles-multistream.xml.bz2","",128,"2019-11-30 23:22:35.336797975 +0000",
"/data/project/wdump/links/2019//kiwiki-latest-pages-articles-multistream.xml.bz2","",128,"2019-11-30 23:22:35.288798000 +0000",
"/data/project/wdump/links/2019//kjwiki-latest-pages-articles-multistream.xml.bz2","",128,"2019-11-30 23:22:35.528797874 +0000",
"/data/project/wdump/links/2019//kkwiki-latest-pages-articles-multistream.xml.bz2","",128,"2019-11-30 23:22:34.504798409 +0000",
"/data/project/wdump/links/2019//klwiki-latest-pages-articles-multistream.xml.bz2","",128,"2019-11-30 23:22:35.236798028 +0000",
"/data/project/wdump/links/2019//kmwiki-latest-pages-articles-multistream.xml.bz2","",128,"2019-11-30 23:22:34.880798214 +0000",
"/data/project/wdump/links/2019//knwiki-latest-pages-articles-multistream.xml.bz2","",128,"2019-11-30 23:22:34.728798292 +0000",
"/data/project/wdump/links/2019//koiwiki-latest-pages-articles-multistream.xml.bz2","",130,"2019-11-30 23:22:35.088798105 +0000",
"/data/project/wdump/links/2019//kowiki-latest-pages-articles-multistream.xml.bz2","",128,"2019-11-30 23:22:34.448798439 +0000",
"/data/project/wdump/links/2019//krcwiki-latest-pages-articles-multistream.xml.bz2","",130,"2019-11-30 23:22:35.188798052 +0000",
"/data/project/wdump/links/2019//krwiki-latest-pages-articles-multistream.xml.bz2","",128,"2019-11-30 23:22:35.556797860 +0000",
"/data/project/wdump/links/2019//kshwiki-latest-pages-articles-multistream.xml.bz2","",130,"2019-11-30 23:22:35.152798071 +0000",
"/data/project/wdump/links/2019//kswiki-latest-pages-articles-multistream.xml.bz2","",128,"2019-11-30 23:22:35.476797902 +0000",
"/data/project/wdump/links/2019//kuwiki-latest-pages-articles-multistream.xml.bz2","",128,"2019-11-30 23:22:34.720798297 +0000",
"/data/project/wdump/links/2019//kvwiki-latest-pages-articles-multistream.xml.bz2","",128,"2019-11-30 23:22:34.968798168 +0000",
"/data/project/wdump/links/2019//kwwiki-latest-pages-articles-multistream.xml.bz2","",128,"2019-11-30 23:22:35.032798134 +0000",
"/data/project/wdump/links/2019//kywiki-latest-pages-articles-multistream.xml.bz2","",128,"2019-11-30 23:22:34.604798358 +0000",
"/data/project/wdump/links/2019//ladwiki-latest-pages-articles-multistream.xml.bz2","",130,"2019-11-30 23:22:35.048798126 +0000",
"/data/project/wdump/links/2019//lawiki-latest-pages-articles-multistream.xml.bz2","",128,"2019-11-30 23:22:34.560798381 +0000",
"/data/project/wdump/links/2019//lbewiki-latest-pages-articles-multistream.xml.bz2","",130,"2019-11-30 23:22:35.320797983 +0000",
"/data/project/wdump/links/2019//lbwiki-latest-pages-articles-multistream.xml.bz2","",128,"2019-11-30 23:22:34.644798337 +0000",
"/data/project/wdump/links/2019//lezwiki-latest-pages-articles-multistream.xml.bz2","",130,"2019-11-30 23:22:35.028798136 +0000",
"/data/project/wdump/links/2019//lfnwiki-latest-pages-articles-multistream.xml.bz2","",130,"2019-11-30 23:22:35.080798109 +0000",
"/data/project/wdump/links/2019//lgwiki-latest-pages-articles-multistream.xml.bz2","",128,"2019-11-30 23:22:35.340797973 +0000",
"/data/project/wdump/links/2019//lijwiki-latest-pages-articles-multistream.xml.bz2","",130,"2019-11-30 23:22:35.076798111 +0000",
"/data/project/wdump/links/2019//liwiki-latest-pages-articles-multistream.xml.bz2","",128,"2019-11-30 23:22:34.808798251 +0000",
"/data/project/wdump/links/2019//lmowiki-latest-pages-articles-multistream.xml.bz2","",130,"2019-11-30 23:22:34.692798312 +0000",
"/data/project/wdump/links/2019//lnwiki-latest-pages-articles-multistream.xml.bz2","",128,"2019-11-30 23:22:35.128798083 +0000",
"/data/project/wdump/links/2019//lowiki-latest-pages-articles-multistream.xml.bz2","",128,"2019-11-30 23:22:35.088798105 +0000",
"/data/project/wdump/links/2019//lrcwiki-latest-pages-articles-multistream.xml.bz2","",130,"2019-11-30 23:22:34.964798169 +0000",
"/data/project/wdump/links/2019//ltgwiki-latest-pages-articles-multistream.xml.bz2","",130,"2019-11-30 23:22:35.364797960 +0000",
"/data/project/wdump/links/2019//ltwiki-latest-pages-articles-multistream.xml.bz2","",128,"2019-11-30 23:22:34.516798404 +0000",
"/data/project/wdump/links/2019//lvwiki-latest-pages-articles-multistream.xml.bz2","",128,"2019-11-30 23:22:34.584798368 +0000",
"/data/project/wdump/links/2019//maiwiki-latest-pages-articles-multistream.xml.bz2","",130,"2019-11-30 23:22:34.776798268 +0000",
"/data/project/wdump/links/2019//map_bmswiki-latest-pages-articles-multistream.xml.bz2","",138,"2019-11-30 23:22:34.792798260 +0000",
"/data/project/wdump/links/2019//mdfwiki-latest-pages-articles-multistream.xml.bz2","",130,"2019-11-30 23:22:35.332797977 +0000",
"/data/project/wdump/links/2019//mgwiki-latest-pages-articles-multistream.xml.bz2","",128,"2019-11-30 23:22:34.588798366 +0000",
"/data/project/wdump/links/2019//mhrwiki-latest-pages-articles-multistream.xml.bz2","",130,"2019-11-30 23:22:34.840798234 +0000",
"/data/project/wdump/links/2019//mhwiki-latest-pages-articles-multistream.xml.bz2","",128,"2019-11-30 23:22:35.532797873 +0000",
"/data/project/wdump/links/2019//minwiki-latest-pages-articles-multistream.xml.bz2","",130,"2019-11-30 23:22:34.504798409 +0000",
"/data/project/wdump/links/2019//miwiki-latest-pages-articles-multistream.xml.bz2","",128,"2019-11-30 23:22:34.896798205 +0000",
"/data/project/wdump/links/2019//mkwiki-latest-pages-articles-multistream.xml.bz2","",128,"2019-11-30 23:22:34.576798372 +0000",
"/data/project/wdump/links/2019//mlwiki-latest-pages-articles-multistream.xml.bz2","",128,"2019-11-30 23:22:34.628798345 +0000",
"/data/project/wdump/links/2019//mnwiki-latest-pages-articles-multistream.xml.bz2","",128,"2019-11-30 23:22:34.744798284 +0000",
"/data/project/wdump/links/2019//mrjwiki-latest-pages-articles-multistream.xml.bz2","",130,"2019-11-30 23:22:34.836798237 +0000",
"/data/project/wdump/links/2019//mrwiki-latest-pages-articles-multistream.xml.bz2","",128,"2019-11-30 23:22:34.656798331 +0000",
"/data/project/wdump/links/2019//mswiki-latest-pages-articles-multistream.xml.bz2","",128,"2019-11-30 23:22:34.476798424 +0000",
"/data/project/wdump/links/2019//mtwiki-latest-pages-articles-multistream.xml.bz2","",128,"2019-11-30 23:22:35.096798100 +0000",
"/data/project/wdump/links/2019//muswiki-latest-pages-articles-multistream.xml.bz2","",130,"2019-11-30 23:22:35.552797862 +0000",
"/data/project/wdump/links/2019//mwlwiki-latest-pages-articles-multistream.xml.bz2","",130,"2019-11-30 23:22:35.052798123 +0000",
"/data/project/wdump/links/2019//myvwiki-latest-pages-articles-multistream.xml.bz2","",130,"2019-11-30 23:22:34.948798177 +0000",
"/data/project/wdump/links/2019//mywiki-latest-pages-articles-multistream.xml.bz2","",128,"2019-11-30 23:22:34.680798318 +0000",
"/data/project/wdump/links/2019//mznwiki-latest-pages-articles-multistream.xml.bz2","",130,"2019-11-30 23:22:34.804798253 +0000",
"/data/project/wdump/links/2019//nahwiki-latest-pages-articles-multistream.xml.bz2","",130,"2019-11-30 23:22:34.896798205 +0000",
"/data/project/wdump/links/2019//napwiki-latest-pages-articles-multistream.xml.bz2","",130,"2019-11-30 23:22:34.768798272 +0000",
"/data/project/wdump/links/2019//nawiki-latest-pages-articles-multistream.xml.bz2","",128,"2019-11-30 23:22:35.300797994 +0000",
"/data/project/wdump/links/2019//nds_nlwiki-latest-pages-articles-multistream.xml.bz2","",136,"2019-11-30 23:22:34.908798199 +0000",
"/data/project/wdump/links/2019//ndswiki-latest-pages-articles-multistream.xml.bz2","",130,"2019-11-30 23:22:34.652798332 +0000",
"/data/project/wdump/links/2019//newiki-latest-pages-articles-multistream.xml.bz2","",128,"2019-11-30 23:22:34.696798309 +0000",
"/data/project/wdump/links/2019//newwiki-latest-pages-articles-multistream.xml.bz2","",130,"2019-11-30 23:22:34.620798349 +0000",
"/data/project/wdump/links/2019//ngwiki-latest-pages-articles-multistream.xml.bz2","",128,"2019-11-30 23:22:35.516797881 +0000",
"/data/project/wdump/links/2019//nlwiki-latest-pages-articles-multistream.xml.bz2","",128,"2019-11-30 23:22:34.396798466 +0000",
"/data/project/wdump/links/2019//nnwiki-latest-pages-articles-multistream.xml.bz2","",128,"2019-11-30 23:22:34.532798395 +0000",
"/data/project/wdump/links/2019//novwiki-latest-pages-articles-multistream.xml.bz2","",130,"2019-11-30 23:22:35.240798025 +0000",
"/data/project/wdump/links/2019//nowiki-latest-pages-articles-multistream.xml.bz2","",128,"2019-11-30 23:22:34.444798441 +0000",
"/data/project/wdump/links/2019//nrmwiki-latest-pages-articles-multistream.xml.bz2","",130,"2019-11-30 23:22:35.008798146 +0000",
"/data/project/wdump/links/2019//nsowiki-latest-pages-articles-multistream.xml.bz2","",130,"2019-11-30 23:22:34.876798215 +0000",
"/data/project/wdump/links/2019//nvwiki-latest-pages-articles-multistream.xml.bz2","",128,"2019-11-30 23:22:34.852798228 +0000",
"/data/project/wdump/links/2019//nywiki-latest-pages-articles-multistream.xml.bz2","",128,"2019-11-30 23:22:35.432797925 +0000",
"/data/project/wdump/links/2019//ocwiki-latest-pages-articles-multistream.xml.bz2","",128,"2019-11-30 23:22:34.596798361 +0000",
"/data/project/wdump/links/2019//olowiki-latest-pages-articles-multistream.xml.bz2","",130,"2019-11-30 23:22:35.136798080 +0000",
"/data/project/wdump/links/2019//omwiki-latest-pages-articles-multistream.xml.bz2","",128,"2019-11-30 23:22:35.376797954 +0000",
"/data/project/wdump/links/2019//orwiki-latest-pages-articles-multistream.xml.bz2","",128,"2019-11-30 23:22:34.752798280 +0000",
"/data/project/wdump/links/2019//oswiki-latest-pages-articles-multistream.xml.bz2","",128,"2019-11-30 23:22:34.824798243 +0000",
"/data/project/wdump/links/2019//pagwiki-latest-pages-articles-multistream.xml.bz2","",130,"2019-11-30 23:22:35.168798063 +0000",
"/data/project/wdump/links/2019//pamwiki-latest-pages-articles-multistream.xml.bz2","",130,"2019-11-30 23:22:34.876798215 +0000",
"/data/project/wdump/links/2019//papwiki-latest-pages-articles-multistream.xml.bz2","",130,"2019-11-30 23:22:35.204798044 +0000",
"/data/project/wdump/links/2019//pawiki-latest-pages-articles-multistream.xml.bz2","",128,"2019-11-30 23:22:34.700798308 +0000",
"/data/project/wdump/links/2019//pcdwiki-latest-pages-articles-multistream.xml.bz2","",130,"2019-11-30 23:22:35.004798149 +0000",
"/data/project/wdump/links/2019//pdcwiki-latest-pages-articles-multistream.xml.bz2","",130,"2019-11-30 23:22:35.212798040 +0000",
"/data/project/wdump/links/2019//pflwiki-latest-pages-articles-multistream.xml.bz2","",130,"2019-11-30 23:22:35.164798065 +0000",
"/data/project/wdump/links/2019//pihwiki-latest-pages-articles-multistream.xml.bz2","",130,"2019-11-30 23:22:35.372797956 +0000",
"/data/project/wdump/links/2019//piwiki-latest-pages-articles-multistream.xml.bz2","",128,"2019-11-30 23:22:35.160798067 +0000",
"/data/project/wdump/links/2019//plwiki-latest-pages-articles-multistream.xml.bz2","",128,"2019-11-30 23:22:34.412798458 +0000",
"/data/project/wdump/links/2019//pmswiki-latest-pages-articles-multistream.xml.bz2","",130,"2019-11-30 23:22:34.636798341 +0000",
"/data/project/wdump/links/2019//pnbwiki-latest-pages-articles-multistream.xml.bz2","",130,"2019-11-30 23:22:34.676798320 +0000",
"/data/project/wdump/links/2019//pntwiki-latest-pages-articles-multistream.xml.bz2","",130,"2019-11-30 23:22:35.444797919 +0000",
"/data/project/wdump/links/2019//pswiki-latest-pages-articles-multistream.xml.bz2","",128,"2019-11-30 23:22:34.832798238 +0000",
"/data/project/wdump/links/2019//ptwiki-latest-pages-articles-multistream.xml.bz2","",128,"2019-11-30 23:22:34.424798452 +0000",
"/data/project/wdump/links/2019//quwiki-latest-pages-articles-multistream.xml.bz2","",128,"2019-11-30 23:22:34.740798287 +0000",
"/data/project/wdump/links/2019//rmwiki-latest-pages-articles-multistream.xml.bz2","",128,"2019-11-30 23:22:35.072798113 +0000",
"/data/project/wdump/links/2019//rmywiki-latest-pages-articles-multistream.xml.bz2","",130,"2019-11-30 23:22:35.400797942 +0000",
"/data/project/wdump/links/2019//rnwiki-latest-pages-articles-multistream.xml.bz2","",128,"2019-11-30 23:22:35.420797931 +0000",
"/data/project/wdump/links/2019//roa_rupwiki-latest-pages-articles-multistream.xml.bz2","",138,"2019-11-30 23:22:35.316797986 +0000",
"/data/project/wdump/links/2019//roa_tarawiki-latest-pages-articles-multistream.xml.bz2","",140,"2019-11-30 23:22:34.856798226 +0000",
"/data/project/wdump/links/2019//rowiki-latest-pages-articles-multistream.xml.bz2","",128,"2019-11-30 23:22:34.468798429 +0000",
"/data/project/wdump/links/2019//ruewiki-latest-pages-articles-multistream.xml.bz2","",130,"2019-11-30 23:22:34.892798207 +0000",
"/data/project/wdump/links/2019//ruwiki-latest-pages-articles-multistream.xml.bz2","",128,"2019-11-30 23:22:34.400798464 +0000",
"/data/project/wdump/links/2019//rwwiki-latest-pages-articles-multistream.xml.bz2","",128,"2019-11-30 23:22:35.224798034 +0000",
"/data/project/wdump/links/2019//sahwiki-latest-pages-articles-multistream.xml.bz2","",130,"2019-11-30 23:22:34.820798245 +0000",
"/data/project/wdump/links/2019//satwiki-latest-pages-articles-multistream.xml.bz2","",130,"2019-11-30 23:22:35.308797990 +0000",
"/data/project/wdump/links/2019//sawiki-latest-pages-articles-multistream.xml.bz2","",128,"2019-11-30 23:22:34.828798241 +0000",
"/data/project/wdump/links/2019//scnwiki-latest-pages-articles-multistream.xml.bz2","",130,"2019-11-30 23:22:34.720798297 +0000",
"/data/project/wdump/links/2019//scowiki-latest-pages-articles-multistream.xml.bz2","",130,"2019-11-30 23:22:34.652798332 +0000",
"/data/project/wdump/links/2019//scwiki-latest-pages-articles-multistream.xml.bz2","",128,"2019-11-30 23:22:34.928798188 +0000",
"/data/project/wdump/links/2019//sdwiki-latest-pages-articles-multistream.xml.bz2","",128,"2019-11-30 23:22:34.816798246 +0000",
"/data/project/wdump/links/2019//sewiki-latest-pages-articles-multistream.xml.bz2","",128,"2019-11-30 23:22:34.884798211 +0000",
"/data/project/wdump/links/2019//sgwiki-latest-pages-articles-multistream.xml.bz2","",128,"2019-11-30 23:22:35.488797896 +0000",
"/data/project/wdump/links/2019//shnwiki-latest-pages-articles-multistream.xml.bz2","",130,"2019-11-30 23:22:34.976798163 +0000",
"/data/project/wdump/links/2019//shwiki-latest-pages-articles-multistream.xml.bz2","",128,"2019-11-30 23:22:34.460798432 +0000",
"/data/project/wdump/links/2019//simplewiki-latest-pages-articles-multistream.xml.bz2","",136,"2019-11-30 23:22:34.540798391 +0000",
"/data/project/wdump/links/2019//siwiki-latest-pages-articles-multistream.xml.bz2","",128,"2019-11-30 23:22:34.752798280 +0000",
"/data/project/wdump/links/2019//skwiki-latest-pages-articles-multistream.xml.bz2","",128,"2019-11-30 23:22:34.500798412 +0000",
"/data/project/wdump/links/2019//slwiki-latest-pages-articles-multistream.xml.bz2","",128,"2019-11-30 23:22:34.524798400 +0000",
"/data/project/wdump/links/2019//smwiki-latest-pages-articles-multistream.xml.bz2","",128,"2019-11-30 23:22:35.368797959 +0000",
"/data/project/wdump/links/2019//snwiki-latest-pages-articles-multistream.xml.bz2","",128,"2019-11-30 23:22:34.984798159 +0000",
"/data/project/wdump/links/2019//sowiki-latest-pages-articles-multistream.xml.bz2","",128,"2019-11-30 23:22:34.960798172 +0000",
"/data/project/wdump/links/2019//sqwiki-latest-pages-articles-multistream.xml.bz2","",128,"2019-11-30 23:22:34.604798358 +0000",
"/data/project/wdump/links/2019//srnwiki-latest-pages-articles-multistream.xml.bz2","",130,"2019-11-30 23:22:35.348797968 +0000",
"/data/project/wdump/links/2019//srwiki-latest-pages-articles-multistream.xml.bz2","",128,"2019-11-30 23:22:34.440798443 +0000",
"/data/project/wdump/links/2019//sswiki-latest-pages-articles-multistream.xml.bz2","",128,"2019-11-30 23:22:35.436797923 +0000",
"/data/project/wdump/links/2019//stqwiki-latest-pages-articles-multistream.xml.bz2","",130,"2019-11-30 23:22:35.028798136 +0000",
"/data/project/wdump/links/2019//stwiki-latest-pages-articles-multistream.xml.bz2","",128,"2019-11-30 23:22:35.412797936 +0000",
"/data/project/wdump/links/2019//suwiki-latest-pages-articles-multistream.xml.bz2","",128,"2019-11-30 23:22:34.640798338 +0000",
"/data/project/wdump/links/2019//svwiki-latest-pages-articles-multistream.xml.bz2","",128,"2019-11-30 23:22:34.388798470 +0000",
"/data/project/wdump/links/2019//swwiki-latest-pages-articles-multistream.xml.bz2","",128,"2019-11-30 23:22:34.660798329 +0000",
"/data/project/wdump/links/2019//szlwiki-latest-pages-articles-multistream.xml.bz2","",130,"2019-11-30 23:22:34.872798218 +0000",
"/data/project/wdump/links/2019//tawiki-latest-pages-articles-multistream.xml.bz2","",128,"2019-11-30 23:22:34.564798378 +0000",
"/data/project/wdump/links/2019//tcywiki-latest-pages-articles-multistream.xml.bz2","",130,"2019-11-30 23:22:35.344797971 +0000",
"/data/project/wdump/links/2019//tetwiki-latest-pages-articles-multistream.xml.bz2","",130,"2019-11-30 23:22:35.272798009 +0000",
"/data/project/wdump/links/2019//tewiki-latest-pages-articles-multistream.xml.bz2","",128,"2019-11-30 23:22:34.620798349 +0000",
"/data/project/wdump/links/2019//tgwiki-latest-pages-articles-multistream.xml.bz2","",128,"2019-11-30 23:22:34.584798368 +0000",
"/data/project/wdump/links/2019//thwiki-latest-pages-articles-multistream.xml.bz2","",128,"2019-11-30 23:22:34.548798386 +0000",
"/data/project/wdump/links/2019//tiwiki-latest-pages-articles-multistream.xml.bz2","",128,"2019-11-30 23:22:35.504797887 +0000",
"/data/project/wdump/links/2019//tkwiki-latest-pages-articles-multistream.xml.bz2","",128,"2019-11-30 23:22:34.952798176 +0000",
"/data/project/wdump/links/2019//tlwiki-latest-pages-articles-multistream.xml.bz2","",128,"2019-11-30 23:22:34.608798355 +0000",
"/data/project/wdump/links/2019//tnwiki-latest-pages-articles-multistream.xml.bz2","",128,"2019-11-30 23:22:35.384797950 +0000",
"/data/project/wdump/links/2019//towiki-latest-pages-articles-multistream.xml.bz2","",128,"2019-11-30 23:22:35.232798029 +0000",
"/data/project/wdump/links/2019//tpiwiki-latest-pages-articles-multistream.xml.bz2","",130,"2019-11-30 23:22:35.264798013 +0000",
"/data/project/wdump/links/2019//trwiki-latest-pages-articles-multistream.xml.bz2","",128,"2019-11-30 23:22:34.472798427 +0000",
"/data/project/wdump/links/2019//tswiki-latest-pages-articles-multistream.xml.bz2","",128,"2019-11-30 23:22:35.392797945 +0000",
"/data/project/wdump/links/2019//ttwiki-latest-pages-articles-multistream.xml.bz2","",128,"2019-11-30 23:22:34.592798364 +0000",
"/data/project/wdump/links/2019//tumwiki-latest-pages-articles-multistream.xml.bz2","",130,"2019-11-30 23:22:35.428797927 +0000",
"/data/project/wdump/links/2019//twwiki-latest-pages-articles-multistream.xml.bz2","",128,"2019-11-30 23:22:35.396797944 +0000",
"/data/project/wdump/links/2019//tyvwiki-latest-pages-articles-multistream.xml.bz2","",130,"2019-11-30 23:22:35.216798037 +0000",
"/data/project/wdump/links/2019//tywiki-latest-pages-articles-multistream.xml.bz2","",128,"2019-11-30 23:22:35.328797979 +0000",
"/data/project/wdump/links/2019//udmwiki-latest-pages-articles-multistream.xml.bz2","",130,"2019-11-30 23:22:34.988798157 +0000",
"/data/project/wdump/links/2019//ugwiki-latest-pages-articles-multistream.xml.bz2","",128,"2019-11-30 23:22:35.024798138 +0000",
"/data/project/wdump/links/2019//ukwiki-latest-pages-articles-multistream.xml.bz2","",128,"2019-11-30 23:22:34.432798447 +0000",
"/data/project/wdump/links/2019//urwiki-latest-pages-articles-multistream.xml.bz2","",128,"2019-11-30 23:22:34.544798389 +0000",
"/data/project/wdump/links/2019//uzwiki-latest-pages-articles-multistream.xml.bz2","",128,"2019-11-30 23:22:34.556798383 +0000",
"/data/project/wdump/links/2019//vecwiki-latest-pages-articles-multistream.xml.bz2","",130,"2019-11-30 23:22:34.812798249 +0000",
"/data/project/wdump/links/2019//vepwiki-latest-pages-articles-multistream.xml.bz2","",130,"2019-11-30 23:22:34.924798191 +0000",
"/data/project/wdump/links/2019//vewiki-latest-pages-articles-multistream.xml.bz2","",128,"2019-11-30 23:22:35.468797906 +0000",
"/data/project/wdump/links/2019//viwiki-latest-pages-articles-multistream.xml.bz2","",128,"2019-11-30 23:22:34.416798455 +0000",
"/data/project/wdump/links/2019//vlswiki-latest-pages-articles-multistream.xml.bz2","",130,"2019-11-30 23:22:34.900798203 +0000",
"/data/project/wdump/links/2019//vowiki-latest-pages-articles-multistream.xml.bz2","",128,"2019-11-30 23:22:34.568798377 +0000",
"/data/project/wdump/links/2019//warwiki-latest-pages-articles-multistream.xml.bz2","",130,"2019-11-30 23:22:34.412798458 +0000",
"/data/project/wdump/links/2019//wawiki-latest-pages-articles-multistream.xml.bz2","",128,"2019-11-30 23:22:34.748798283 +0000",
"/data/project/wdump/links/2019//wowiki-latest-pages-articles-multistream.xml.bz2","",128,"2019-11-30 23:22:35.296797996 +0000",
"/data/project/wdump/links/2019//wuuwiki-latest-pages-articles-multistream.xml.bz2","",130,"2019-11-30 23:22:34.736798289 +0000",
"/data/project/wdump/links/2019//xalwiki-latest-pages-articles-multistream.xml.bz2","",130,"2019-11-30 23:22:35.184798054 +0000",
"/data/project/wdump/links/2019//xhwiki-latest-pages-articles-multistream.xml.bz2","",128,"2019-11-30 23:22:35.356797965 +0000",
"/data/project/wdump/links/2019//xmfwiki-latest-pages-articles-multistream.xml.bz2","",130,"2019-11-30 23:22:34.800798255 +0000",
"/data/project/wdump/links/2019//yiwiki-latest-pages-articles-multistream.xml.bz2","",128,"2019-11-30 23:22:34.756798278 +0000",
"/data/project/wdump/links/2019//yowiki-latest-pages-articles-multistream.xml.bz2","",128,"2019-11-30 23:22:34.700798308 +0000",
"/data/project/wdump/links/2019//zawiki-latest-pages-articles-multistream.xml.bz2","",128,"2019-11-30 23:22:35.192798051 +0000",
"/data/project/wdump/links/2019//zeawiki-latest-pages-articles-multistream.xml.bz2","",130,"2019-11-30 23:22:34.996798152 +0000",
"/data/project/wdump/links/2019//zh_classicalwiki-latest-pages-articles-multistream.xml.bz2","",148,"2019-11-30 23:22:34.844798232 +0000",
"/data/project/wdump/links/2019//zh_min_nanwiki-latest-pages-articles-multistream.xml.bz2","",144,"2019-11-30 23:22:34.500798412 +0000",
"/data/project/wdump/links/2019//zh_yuewiki-latest-pages-articles-multistream.xml.bz2","",136,"2019-11-30 23:22:34.612798354 +0000",
"/data/project/wdump/links/2019//zhwiki-latest-pages-articles-multistream.xml.bz2","",128,"2019-11-30 23:22:34.420798454 +0000",
"/data/project/wdump/links/2019//zuwiki-latest-pages-articles-multistream.xml.bz2","",128,"2019-11-30 23:22:35.292797998 +0000",
